{"title":"Meet the Author","markdown":{"yaml":{"title":"Meet the Author"},"headingText":"Haichun Kang","containsRefs":false,"markdown":"\n\n\n![Haichun Kang](C:\\Users\\kangh\\Desktop\\5000 hw1\\hwhw1\\my_profile_pic.jpg)\n\n\n\n\n\nHi, I'm Haichun Kang, the author of this project. Here's a bit about me:\n\n# About Haichun Kang\n\n## Background\n\nI hold a Bachelor's degree in Applied Data Analytics from Syracuse University, where I completed my studies in June 2023. Currently, I am enrolled in the Data Science and Analytics (DSAN) program at Georgetown University, pursuing advanced education and specialization in the field of data science.\n\n## Interests\n\nMy passion for data analysis and its applications in solving real-world problems has been a driving force in my academic and professional pursuits. During my studies at Syracuse University, I gained valuable knowledge in various areas, including Statistics, Linear Algebra, Calculus, Database Management, Python, R, Data Mining, Data Visualization, Information Security, Management Information Systems, and Data-driven Inquiry.\n\n## Personal Details\n\n- **Phone:** 3157061444\n- **Email:** hk971@georgetown.edu\n\nI am enthusiastic about sharing my experiences and insights with you through this project. As you explore further, you will gain a deeper understanding of my background, interests, and the projects I have undertaken. Please feel free to reach out if you have any questions or would like to connect.\n"},"formats":{"html":{"execute":{"fig-width":7,"fig-height":5,"fig-format":"retina","fig-dpi":96,"df-print":"default","error":false,"eval":true,"cache":null,"freeze":false,"echo":true,"output":true,"warning":true,"include":true,"keep-md":false,"keep-ipynb":false,"ipynb":null,"enabled":null,"daemon":null,"daemon-restart":false,"debug":false,"ipynb-filters":[],"engine":"markdown"},"render":{"keep-tex":false,"keep-yaml":false,"keep-source":false,"keep-hidden":false,"prefer-html":false,"output-divs":true,"output-ext":"html","fig-align":"default","fig-pos":null,"fig-env":null,"code-fold":"none","code-overflow":"scroll","code-link":false,"code-line-numbers":false,"code-tools":false,"tbl-colwidths":"auto","merge-includes":true,"latex-auto-mk":true,"latex-auto-install":true,"latex-clean":true,"latex-max-runs":10,"latex-makeindex":"makeindex","latex-makeindex-opts":[],"latex-tlmgr-opts":[],"latex-input-paths":[],"latex-output-dir":null,"link-external-icon":false,"link-external-newwindow":false,"self-contained-math":false,"format-resources":[]},"pandoc":{"standalone":true,"wrap":"none","default-image-extension":"png","to":"html","css":["styles.css"],"toc":true,"output-file":"about me.html"},"language":{},"metadata":{"lang":"en","fig-responsive":true,"quarto-version":"1.1.189","theme":"cosmo","title":"Meet the Author"},"extensions":{"book":{"multiFile":true}}}}}