{"title":"ARM (Association Rule Mining)","markdown":{"yaml":{"title":"ARM (Association Rule Mining)"},"headingText":"ARM (Association Rule Mining)","containsRefs":false,"markdown":"\n\n\nIn this section, I describe the use of association rule mining techniques and present discovered associations and their relevance.\n\n## Association Rule Mining Techniques\n\n### Technique 1: Apriori Algorithm\n\n- **Description:** Explain the Apriori algorithm and its application to the project.\n- **Parameters:** Specify any relevant parameters used in the Apriori algorithm.\n- **Discovered Associations:** Present the associations discovered using the Apriori algorithm.\n\n### Technique 2: FP-Growth Algorithm\n\n- **Description:** Describe the FP-Growth algorithm and how it was applied.\n- **Parameters:** Specify parameters used in the FP-Growth algorithm.\n- **Discovered Associations:** Present the associations discovered using the FP-Growth algorithm.\n\n## Discovered Associations\n\nDiscuss the associations discovered through association rule mining techniques. Explain their relevance to the project's objectives and any actionable insights gained.\n\n## Visualizations\n\nInclude visual representations of association rules, such as support-confidence plots or itemset diagrams, to illustrate the discovered associations.\n\n## Conclusion\n\nSummarize the key findings and insights gained from association rule mining. Discuss the practical implications of the discovered associations and their relevance to the project's goals.\n"},"formats":{"html":{"execute":{"fig-width":7,"fig-height":5,"fig-format":"retina","fig-dpi":96,"df-print":"default","error":false,"eval":true,"cache":null,"freeze":false,"echo":true,"output":true,"warning":true,"include":true,"keep-md":false,"keep-ipynb":false,"ipynb":null,"enabled":null,"daemon":null,"daemon-restart":false,"debug":false,"ipynb-filters":[],"engine":"markdown"},"render":{"keep-tex":false,"keep-yaml":false,"keep-source":false,"keep-hidden":false,"prefer-html":false,"output-divs":true,"output-ext":"html","fig-align":"default","fig-pos":null,"fig-env":null,"code-fold":"none","code-overflow":"scroll","code-link":false,"code-line-numbers":false,"code-tools":false,"tbl-colwidths":"auto","merge-includes":true,"latex-auto-mk":true,"latex-auto-install":true,"latex-clean":true,"latex-max-runs":10,"latex-makeindex":"makeindex","latex-makeindex-opts":[],"latex-tlmgr-opts":[],"latex-input-paths":[],"latex-output-dir":null,"link-external-icon":false,"link-external-newwindow":false,"self-contained-math":false,"format-resources":[]},"pandoc":{"standalone":true,"wrap":"none","default-image-extension":"png","to":"html","css":["styles.css"],"toc":true,"output-file":"ARM.html"},"language":{},"metadata":{"lang":"en","fig-responsive":true,"quarto-version":"1.1.189","theme":"cosmo","title":"ARM (Association Rule Mining)"},"extensions":{"book":{"multiFile":true}}}}}