{"title":"Clustering","markdown":{"yaml":{"title":"Clustering"},"headingText":"Clustering","containsRefs":false,"markdown":"\n\n\nIn this section, I explore the clustering methods applied to the data and present the results and insights gained from clustering analysis.\n\n## Clustering Methods\n\n### K-Means Clustering\n\nK-Means clustering is a popular method for partitioning data into clusters based on similarity. In this project, I applied K-Means clustering as follows:\n\n- **Number of Clusters:** Explain the choice of the number of clusters and why it was selected.\n- **Method Description:** Provide a brief overview of how K-Means clustering works.\n- **Results:** Present the clusters and insights gained from the K-Means clustering analysis.\n\n### Hierarchical Clustering\n\nHierarchical clustering is another method used to group data into clusters hierarchically. Here's how I applied it in this project:\n\n- **Method Description:** Explain the hierarchical clustering method and its relevance to your project.\n- **Dendrogram:** If applicable, include a dendrogram to visualize the hierarchical clustering structure.\n\n### Other Clustering Methods (if applicable)\n\nIf you used other clustering methods, describe them similarly, including the method description, parameters used, and results.\n\n## Cluster Interpretation\n\nDiscuss the interpretation of the clusters and their significance in the context of your project. Explain any patterns or insights gained from the clustering analysis and how they contribute to your project's objectives.\n\n## Cluster Visualization\n\nInclude visualizations, such as scatter plots or cluster profiles, that help illustrate the cluster characteristics. Visual representations can provide a clearer understanding of the clustered data.\n\n## Conclusion\n\nSummarize the key findings from the clustering analysis. Discuss how clustering has contributed to your project's goals and insights.\n"},"formats":{"html":{"execute":{"fig-width":7,"fig-height":5,"fig-format":"retina","fig-dpi":96,"df-print":"default","error":false,"eval":true,"cache":null,"freeze":false,"echo":true,"output":true,"warning":true,"include":true,"keep-md":false,"keep-ipynb":false,"ipynb":null,"enabled":null,"daemon":null,"daemon-restart":false,"debug":false,"ipynb-filters":[],"engine":"markdown"},"render":{"keep-tex":false,"keep-yaml":false,"keep-source":false,"keep-hidden":false,"prefer-html":false,"output-divs":true,"output-ext":"html","fig-align":"default","fig-pos":null,"fig-env":null,"code-fold":"none","code-overflow":"scroll","code-link":false,"code-line-numbers":false,"code-tools":false,"tbl-colwidths":"auto","merge-includes":true,"latex-auto-mk":true,"latex-auto-install":true,"latex-clean":true,"latex-max-runs":10,"latex-makeindex":"makeindex","latex-makeindex-opts":[],"latex-tlmgr-opts":[],"latex-input-paths":[],"latex-output-dir":null,"link-external-icon":false,"link-external-newwindow":false,"self-contained-math":false,"format-resources":[]},"pandoc":{"standalone":true,"wrap":"none","default-image-extension":"png","to":"html","css":["styles.css"],"toc":true,"output-file":"clustering.html"},"language":{},"metadata":{"lang":"en","fig-responsive":true,"quarto-version":"1.1.189","theme":"cosmo","title":"Clustering"},"extensions":{"book":{"multiFile":true}}}}}