{"title":"Conclusions","markdown":{"yaml":{"title":"Conclusions"},"headingText":"Conclusions","containsRefs":false,"markdown":"\n\n\nIn this section, I summarize the key findings, insights, and conclusions from the project. I also discuss the real-world implications and potential future work.\n\n## Key Findings\n\nSummarize the most significant findings and insights gained from the project. Highlight the key takeaways that contribute to the project's objectives.\n\n## Real-World Implications\n\nDiscuss the real-world implications of the project's findings. Explain how the project's results can be applied in practical scenarios or industries.\n\n## Potential Future Work\n\nIdentify areas for potential future work and research related to the project. Discuss unanswered questions or opportunities for further exploration.\n\n## Project Achievements\n\nReflect on the project's achievements and how it addressed the initial problem or objectives. Highlight any challenges overcome during the project.\n\n## Acknowledgments\n\nIf applicable, acknowledge any individuals, organizations, or sources that contributed to the project's success.\n\n## Conclusion\n\nSummarize the overall significance of the project and its impact. Reiterate the project's contributions and the importance of the work performed.\n\n## Contact Information\n\nProvide contact information for further inquiries or collaborations related to the project.\n\nThank you for visiting my project website!\n"},"formats":{"html":{"execute":{"fig-width":7,"fig-height":5,"fig-format":"retina","fig-dpi":96,"df-print":"default","error":false,"eval":true,"cache":null,"freeze":false,"echo":true,"output":true,"warning":true,"include":true,"keep-md":false,"keep-ipynb":false,"ipynb":null,"enabled":null,"daemon":null,"daemon-restart":false,"debug":false,"ipynb-filters":[],"engine":"markdown"},"render":{"keep-tex":false,"keep-yaml":false,"keep-source":false,"keep-hidden":false,"prefer-html":false,"output-divs":true,"output-ext":"html","fig-align":"default","fig-pos":null,"fig-env":null,"code-fold":"none","code-overflow":"scroll","code-link":false,"code-line-numbers":false,"code-tools":false,"tbl-colwidths":"auto","merge-includes":true,"latex-auto-mk":true,"latex-auto-install":true,"latex-clean":true,"latex-max-runs":10,"latex-makeindex":"makeindex","latex-makeindex-opts":[],"latex-tlmgr-opts":[],"latex-input-paths":[],"latex-output-dir":null,"link-external-icon":false,"link-external-newwindow":false,"self-contained-math":false,"format-resources":[]},"pandoc":{"standalone":true,"wrap":"none","default-image-extension":"png","to":"html","css":["styles.css"],"toc":true,"output-file":"Conclusion.html"},"language":{},"metadata":{"lang":"en","fig-responsive":true,"quarto-version":"1.1.189","theme":"cosmo","title":"Conclusions"},"extensions":{"book":{"multiFile":true}}}}}