{"title":"Data Cleaning","markdown":{"yaml":{"title":"Data Cleaning"},"headingText":"Data Cleaning","containsRefs":false,"markdown":"\n\n\nIn this section, I describe the steps I took to clean and preprocess the data.\n\n## Data Preprocessing Steps\n\n### Step 1: Handling Missing Values\n\n- **Description:** Explain how missing values were handled in the dataset.\n- **Method:** Describe the method used to impute or remove missing data points.\n\n### Step 2: Data Normalization\n\n- **Description:** Detail the normalization techniques applied to the data.\n- **Normalization Method:** Explain the method used for data normalization (e.g., Min-Max scaling, Z-score scaling).\n\n### Step 3: Outlier Detection and Handling\n\n- **Description:** Discuss the process of identifying and addressing outliers in the data.\n- **Outlier Handling:** Explain how outliers were handled (e.g., removal, transformation).\n\n### Step 4: Feature Engineering\n\n- **Description:** Describe any feature engineering techniques used to create new features.\n- **Feature Transformation:** Explain how features were transformed or engineered.\n\n## Data Quality Issues\n\n### Issue 1: Inconsistent Data Types\n\n- **Description:** Highlight issues related to inconsistent data types in the dataset.\n- **Resolution:** Explain how data type consistency was achieved.\n\n### Issue 2: Duplicate Records\n\n- **Description:** Identify any problems related to duplicate records in the data.\n- **Resolution:** Explain how duplicate records were identified and handled.\n\n## Resolutions\n\n- **Resolution 1:** Describe how data quality issues were resolved for Issue 1.\n- **Resolution 2:** Explain the resolution for Issue 2, if applicable.\n- ...\n\n## Insights\n\nShare insights into the data cleaning process and how it prepared the data for analysis. Discuss the impact of data cleaning on the quality and usability of the dataset.\n"},"formats":{"html":{"execute":{"fig-width":7,"fig-height":5,"fig-format":"retina","fig-dpi":96,"df-print":"default","error":false,"eval":true,"cache":null,"freeze":false,"echo":true,"output":true,"warning":true,"include":true,"keep-md":false,"keep-ipynb":false,"ipynb":null,"enabled":null,"daemon":null,"daemon-restart":false,"debug":false,"ipynb-filters":[],"engine":"markdown"},"render":{"keep-tex":false,"keep-yaml":false,"keep-source":false,"keep-hidden":false,"prefer-html":false,"output-divs":true,"output-ext":"html","fig-align":"default","fig-pos":null,"fig-env":null,"code-fold":"none","code-overflow":"scroll","code-link":false,"code-line-numbers":false,"code-tools":false,"tbl-colwidths":"auto","merge-includes":true,"latex-auto-mk":true,"latex-auto-install":true,"latex-clean":true,"latex-max-runs":10,"latex-makeindex":"makeindex","latex-makeindex-opts":[],"latex-tlmgr-opts":[],"latex-input-paths":[],"latex-output-dir":null,"link-external-icon":false,"link-external-newwindow":false,"self-contained-math":false,"format-resources":[]},"pandoc":{"standalone":true,"wrap":"none","default-image-extension":"png","to":"html","css":["styles.css"],"toc":true,"output-file":"data cleaning.html"},"language":{},"metadata":{"lang":"en","fig-responsive":true,"quarto-version":"1.1.189","theme":"cosmo","title":"Data Cleaning"},"extensions":{"book":{"multiFile":true}}}}}