{"title":"Data Exploration","markdown":{"yaml":{"title":"Data Exploration"},"headingText":"Data Exploration","containsRefs":false,"markdown":"\n\n\nIn this section, I showcase visualizations, graphs, or statistics that help in understanding the data.\n\n## Visualizations\n\n### Plot 1: Histogram of Feature A\n\n- **Description:** Provide a brief description of the histogram.\n- **Insight:** Share insights gained from the histogram (e.g., data distribution).\n\n![Histogram of Feature A](path_to_image/histogram_feature_A.png)\n\n### Plot 2: Scatter Plot of Feature B vs. Feature C\n\n- **Description:** Explain the purpose of the scatter plot.\n- **Insight:** Discuss any patterns or relationships observed in the scatter plot.\n\n![Scatter Plot of Feature B vs. Feature C](path_to_image/scatter_feature_B_vs_C.png)\n\n## Summary Statistics\n\n### Summary Table\n\n- **Description:** Present summary statistics (e.g., mean, median, standard deviation) for key features.\n- **Insight:** Explain any notable findings from the summary statistics.\n\n| Feature    | Mean   | Median | Std. Deviation |\n|------------|--------|--------|----------------|\n| Feature\n"},"formats":{"html":{"execute":{"fig-width":7,"fig-height":5,"fig-format":"retina","fig-dpi":96,"df-print":"default","error":false,"eval":true,"cache":null,"freeze":false,"echo":true,"output":true,"warning":true,"include":true,"keep-md":false,"keep-ipynb":false,"ipynb":null,"enabled":null,"daemon":null,"daemon-restart":false,"debug":false,"ipynb-filters":[],"engine":"markdown"},"render":{"keep-tex":false,"keep-yaml":false,"keep-source":false,"keep-hidden":false,"prefer-html":false,"output-divs":true,"output-ext":"html","fig-align":"default","fig-pos":null,"fig-env":null,"code-fold":"none","code-overflow":"scroll","code-link":false,"code-line-numbers":false,"code-tools":false,"tbl-colwidths":"auto","merge-includes":true,"latex-auto-mk":true,"latex-auto-install":true,"latex-clean":true,"latex-max-runs":10,"latex-makeindex":"makeindex","latex-makeindex-opts":[],"latex-tlmgr-opts":[],"latex-input-paths":[],"latex-output-dir":null,"link-external-icon":false,"link-external-newwindow":false,"self-contained-math":false,"format-resources":[]},"pandoc":{"standalone":true,"wrap":"none","default-image-extension":"png","to":"html","css":["styles.css"],"toc":true,"output-file":"data exploration.html"},"language":{},"metadata":{"lang":"en","fig-responsive":true,"quarto-version":"1.1.189","theme":"cosmo","title":"Data Exploration"},"extensions":{"book":{"multiFile":true}}}}}