{"title":"Data Gathering","markdown":{"yaml":{"title":"Data Gathering"},"headingText":"Data Gathering","containsRefs":false,"markdown":"\n\n\nIn this section, I explain how I collected the data for my project, including sources, methods, and any challenges faced.\n\n## Data Sources\n\n### Source 1: [Source Name 1]\n\n- **Nature:** Describe the nature of the first data source.\n- **Collection Method:** Explain how data was obtained from this source.\n- **Data Format:** Specify the format of the data (e.g., CSV, JSON).\n\n### Source 2: [Source Name 2]\n\n- **Nature:** Describe the nature of the second data source, if applicable.\n- **Collection Method:** Explain how data was obtained from this source, if applicable.\n- **Data Format:** Specify the format of the data, if applicable.\n\n## Data Collection Methods\n\n- **Method 1:** Explain the data collection method used for source 1.\n- **Method 2:** Describe the data collection method used for source 2, if applicable.\n- ...\n\n## Challenges\n\n- **Challenge 1:** Describe any challenges or obstacles faced during data collection.\n- **Challenge 2:** Describe another challenge encountered, if applicable.\n- ...\n\n## Insights\n\nShare insights into the data collection process and how it influenced the project's direction. Discuss any unique aspects of the data sources and methods that had an impact on the project.\n"},"formats":{"html":{"execute":{"fig-width":7,"fig-height":5,"fig-format":"retina","fig-dpi":96,"df-print":"default","error":false,"eval":true,"cache":null,"freeze":false,"echo":true,"output":true,"warning":true,"include":true,"keep-md":false,"keep-ipynb":false,"ipynb":null,"enabled":null,"daemon":null,"daemon-restart":false,"debug":false,"ipynb-filters":[],"engine":"markdown"},"render":{"keep-tex":false,"keep-yaml":false,"keep-source":false,"keep-hidden":false,"prefer-html":false,"output-divs":true,"output-ext":"html","fig-align":"default","fig-pos":null,"fig-env":null,"code-fold":"none","code-overflow":"scroll","code-link":false,"code-line-numbers":false,"code-tools":false,"tbl-colwidths":"auto","merge-includes":true,"latex-auto-mk":true,"latex-auto-install":true,"latex-clean":true,"latex-max-runs":10,"latex-makeindex":"makeindex","latex-makeindex-opts":[],"latex-tlmgr-opts":[],"latex-input-paths":[],"latex-output-dir":null,"link-external-icon":false,"link-external-newwindow":false,"self-contained-math":false,"format-resources":[]},"pandoc":{"standalone":true,"wrap":"none","default-image-extension":"png","to":"html","css":["styles.css"],"toc":true,"output-file":"data gathering.html"},"language":{},"metadata":{"lang":"en","fig-responsive":true,"quarto-version":"1.1.189","theme":"cosmo","title":"Data Gathering"},"extensions":{"book":{"multiFile":true}}}}}