{"title":"Analysis","markdown":{"yaml":{"title":"Analysis"},"headingText":"Analysis","containsRefs":false,"markdown":"\n\n\nIn this section, I discuss the analysis performed in the project, including the use of decision trees, classification, and regression techniques.\n\n## Decision Trees\n\n### Decision Tree Algorithms\n\n#### Algorithm 1: CART (Classification and Regression Trees)\n\n- **Description:** Explain the CART algorithm and its application to the project.\n- **Parameters:** Specify any relevant parameters used in the decision tree model.\n- **Results:** Present the results of the decision tree analysis using CART.\n\n#### Algorithm 2: C4.5\n\n- **Description:** Describe the C4.5 algorithm and its relevance to the project, if applicable.\n- **Parameters:** Specify parameters used in the C4.5 model, if applicable.\n- **Results:** Present the results of the decision tree analysis using C4.5, if applicable.\n\n### Decision-Making Processes\n\nDiscuss the decision-making processes facilitated by decision trees in the project. Explain how decision trees were used to solve specific problems or make predictions. Provide insights into the decision tree models' performance and accuracy.\n\n### Visualizations\n\nInclude visual representations of decision trees, such as tree diagrams or decision paths, to illustrate the structure and decision rules of the models.\n\n### Conclusion\n\nSummarize the key findings and insights gained from the use of decision trees in the project. Discuss their significance in achieving project objectives.\n\n## Classification\n\n### Classification Algorithms\n\n#### Algorithm 1: Logistic Regression\n\n- **Description:** Explain the use of logistic regression for classification in the project.\n- **Parameters:** Specify any relevant parameters used in the logistic regression model.\n- **Classification Results:** Present classification results using logistic regression.\n\n#### Algorithm 2: Random Forest\n\n- **Description:** Describe the application of random forest for classification, if applicable.\n- **Parameters:** Specify parameters used in the random forest model, if applicable.\n- **Classification Results:** Present classification results using random forest, if applicable.\n\n### Classification Results and Significance\n\nDiscuss the classification results obtained from the applied algorithms. Include metrics like accuracy, precision, recall, and F1-score. Explain the significance of these results in the context of the project's objectives.\n\n### Visualizations\n\nInclude visualizations, such as confusion matrices or ROC curves, to illustrate the classification performance and model evaluation.\n\n### Conclusion\n\nSummarize the key findings from the classification analysis. Discuss the practical implications of classification results in solving the project's problem.\n\n## Regression\n\n### Regression Models\n\n#### Model 1: Linear Regression\n\n- **Description:** Explain the use of linear regression for modeling in the project.\n- **Model Details:** Specify any relevant model details, such as features used.\n- **Predictive Power:** Discuss the predictive power and performance of linear regression.\n\n#### Model 2: Random Forest Regression\n\n- **Description:** Describe the application of random forest regression, if applicable.\n- **Model Details:** Specify parameters or features used in the random forest regression model, if applicable.\n- **Predictive Power:** Discuss the predictive power and performance of random forest regression, if applicable.\n\n### Predictive Implications\n\nDiscuss the implications of regression models' predictions for the project. Explain how regression analysis contributed to solving specific problems or making forecasts. Share insights into the models' accuracy and precision.\n\n### Visualizations\n\nInclude visualizations, such as scatter plots or regression curves, to illustrate the relationship between predictors and the target variable.\n\n### Conclusion\n\nSummarize the key findings and insights gained from the regression analysis. Discuss the practical implications of regression results and their relevance to the project's objectives.\n"},"formats":{"html":{"execute":{"fig-width":7,"fig-height":5,"fig-format":"retina","fig-dpi":96,"df-print":"default","error":false,"eval":true,"cache":null,"freeze":false,"echo":true,"output":true,"warning":true,"include":true,"keep-md":false,"keep-ipynb":false,"ipynb":null,"enabled":null,"daemon":null,"daemon-restart":false,"debug":false,"ipynb-filters":[],"engine":"markdown"},"render":{"keep-tex":false,"keep-yaml":false,"keep-source":false,"keep-hidden":false,"prefer-html":false,"output-divs":true,"output-ext":"html","fig-align":"default","fig-pos":null,"fig-env":null,"code-fold":"none","code-overflow":"scroll","code-link":false,"code-line-numbers":false,"code-tools":false,"tbl-colwidths":"auto","merge-includes":true,"latex-auto-mk":true,"latex-auto-install":true,"latex-clean":true,"latex-max-runs":10,"latex-makeindex":"makeindex","latex-makeindex-opts":[],"latex-tlmgr-opts":[],"latex-input-paths":[],"latex-output-dir":null,"link-external-icon":false,"link-external-newwindow":false,"self-contained-math":false,"format-resources":[]},"pandoc":{"standalone":true,"wrap":"none","default-image-extension":"png","to":"html","css":["styles.css"],"toc":true,"output-file":"Decision Tree.html"},"language":{},"metadata":{"lang":"en","fig-responsive":true,"quarto-version":"1.1.189","theme":"cosmo","title":"Analysis"},"extensions":{"book":{"multiFile":true}}}}}