{"title":"Dimensionality Reduction","markdown":{"yaml":{"title":"Dimensionality Reduction"},"headingText":"Dimensionality Reduction","containsRefs":false,"markdown":"\n\n\nIn this section, I describe the dimensionality reduction techniques used in the project and discuss their impact.\n\n## Principal Component Analysis (PCA)\n\nPrincipal Component Analysis (PCA) is a commonly used dimensionality reduction technique. I applied PCA as follows:\n\n- **Method Description:** Explain the PCA method and its application to the project.\n- **Components:** Discuss the number of principal components retained and why.\n- **Results:** Present the results of the PCA analysis and insights gained.\n\n## t-Distributed Stochastic Neighbor Embedding (t-SNE)\n\nt-Distributed Stochastic Neighbor Embedding (t-SNE) is another dimensionality reduction technique. Here's how I used t-SNE:\n\n- **Method Description:** Explain the t-SNE method and its relevance to the project.\n- **Parameters:** Specify any relevant parameters used in t-SNE.\n- **Results:** Present the results of the t-SNE analysis and insights gained.\n\n## Impact on the Project\n\nDiscuss the impact of dimensionality reduction on the project. Explain how reducing the dimensionality affected the data analysis, visualization, or model performance. Share any insights gained from the reduced-dimensional representations.\n\n## Visualization of Reduced Dimensionality\n\nInclude visualizations, such as scatter plots or reduced-dimensional embeddings, to illustrate the effect of dimensionality reduction on the data. Visual representations can help convey the impact of these techniques.\n\n## Conclusion\n\nSummarize the key takeaways from the dimensionality reduction process. Discuss the relevance of dimensionality reduction to your project's objectives and findings.\n"},"formats":{"html":{"execute":{"fig-width":7,"fig-height":5,"fig-format":"retina","fig-dpi":96,"df-print":"default","error":false,"eval":true,"cache":null,"freeze":false,"echo":true,"output":true,"warning":true,"include":true,"keep-md":false,"keep-ipynb":false,"ipynb":null,"enabled":null,"daemon":null,"daemon-restart":false,"debug":false,"ipynb-filters":[],"engine":"markdown"},"render":{"keep-tex":false,"keep-yaml":false,"keep-source":false,"keep-hidden":false,"prefer-html":false,"output-divs":true,"output-ext":"html","fig-align":"default","fig-pos":null,"fig-env":null,"code-fold":"none","code-overflow":"scroll","code-link":false,"code-line-numbers":false,"code-tools":false,"tbl-colwidths":"auto","merge-includes":true,"latex-auto-mk":true,"latex-auto-install":true,"latex-clean":true,"latex-max-runs":10,"latex-makeindex":"makeindex","latex-makeindex-opts":[],"latex-tlmgr-opts":[],"latex-input-paths":[],"latex-output-dir":null,"link-external-icon":false,"link-external-newwindow":false,"self-contained-math":false,"format-resources":[]},"pandoc":{"standalone":true,"wrap":"none","default-image-extension":"png","to":"html","css":["styles.css"],"toc":true,"output-file":"Dimensionality reduction.html"},"language":{},"metadata":{"lang":"en","fig-responsive":true,"quarto-version":"1.1.189","theme":"cosmo","title":"Dimensionality Reduction"},"extensions":{"book":{"multiFile":true}}}}}