{"title":"Introduction","markdown":{"yaml":{"title":"Introduction"},"headingText":"Social Media and Mental Health","containsRefs":false,"markdown":"\n\n\nIn today's digital age, the relationship between social media and mental health has become a subject of significant interest and concern. So it is important to learn about the relationship between them, and analyze the positive and negative effect of social media use, to help and prevent people. Berryman(2017) states that social media could have negative inpact included general mental health symptoms, suicidal ideation, loneliness, social anxiety and decreased empathy. Another founding shows that \"The nomophobia levels of study participants had a significant positive relation with their problematic Internet use, social appearance anxiety, and social media dependency levels.  (Ayar, 2018)\".  \n\n\n\n## Significance\n\nThis project is significant for the following reasons:\n\n- **Prevalence of Social Media:**  Social media platforms have become an integral part of modern life, with billions of users worldwide.\n- **Mental Health Concerns:** Mental health issues, such as anxiety, depression, and loneliness, have been on the rise in recent years. Understanding how social media contributes to or alleviates these concerns is crucial for addressing the mental well-being of individuals.\n\n- **Youth and Vulnerable Populations:**\nYoung people, in particular, are heavy users of social media, and they may be more vulnerable to its negative effects. Examining the impact of social media on this demographic is essential for promoting healthy development.\n- ...\n\n## 10 Questions\n\nThe problem this project is addressing is:\n\n- **Problem Description:** \n\nHow can social media platforms be used to promote mental health awareness and support?\nNegative Impact:\n\nWhat are the potential negative effects of excessive social media use on mental health?\nOnline Communities:\n\nHow do online support communities on social media benefit individuals struggling with mental health issues?\nCyberbullying:\n\nWhat role does cyberbullying play in deteriorating mental health among social media users?\nComparison and Self-Esteem:\n\nHow does frequent comparison with others on social media affect self-esteem and mental well-being?\nPrivacy and Mental Health:\n\nWhat are the privacy implications of sharing personal information on social media, and how does it relate to mental health?\nPositive Coping Strategies:\n\nAre there positive coping strategies or interventions that can mitigate the negative effects of social media on mental health?\nOnline Therapy and Support:\n\nHow effective are online therapy platforms and mental health support services provided through social media?\nSocial Media and Isolation:\n\nDoes social media usage contribute to feelings of social isolation or enhance social connectedness for individuals with mental health challenges?\nDigital Detox:\n\nWhat are the potential benefits of a \"digital detox\" or reducing social media usage for improving mental health?\n- **Relevance:** Explain why solving this problem is important or relevant.\n\n\n\n## References of 2 articles\n\nBerryman, C., Ferguson, C. J., & Negy, C. (2017). Social Media Use and Mental Health among Young Adults. Psychiatric Quarterly, 89(2), 307–314. https://doi.org/10.1007/s11126-017-9535-6\n\n\nAyar, D., Gerçeker, G. Ö., Özdemir, E. Z., & Bektaş, M. (2018). The effect of problematic internet use, social appearance anxiety, and social media use on nursing students’ nomophobia levels. Cin-computers Informatics Nursing, 36(12), 589–595. https://doi.org/10.1097/cin.0000000000000458"},"formats":{"html":{"execute":{"fig-width":7,"fig-height":5,"fig-format":"retina","fig-dpi":96,"df-print":"default","error":false,"eval":true,"cache":null,"freeze":false,"echo":true,"output":true,"warning":true,"include":true,"keep-md":false,"keep-ipynb":false,"ipynb":null,"enabled":null,"daemon":null,"daemon-restart":false,"debug":false,"ipynb-filters":[],"engine":"markdown"},"render":{"keep-tex":false,"keep-yaml":false,"keep-source":false,"keep-hidden":false,"prefer-html":false,"output-divs":true,"output-ext":"html","fig-align":"default","fig-pos":null,"fig-env":null,"code-fold":"none","code-overflow":"scroll","code-link":false,"code-line-numbers":false,"code-tools":false,"tbl-colwidths":"auto","merge-includes":true,"latex-auto-mk":true,"latex-auto-install":true,"latex-clean":true,"latex-max-runs":10,"latex-makeindex":"makeindex","latex-makeindex-opts":[],"latex-tlmgr-opts":[],"latex-input-paths":[],"latex-output-dir":null,"link-external-icon":false,"link-external-newwindow":false,"self-contained-math":false,"format-resources":[]},"pandoc":{"standalone":true,"wrap":"none","default-image-extension":"png","to":"html","css":["styles.css"],"toc":true,"output-file":"introduction.html"},"language":{},"metadata":{"lang":"en","fig-responsive":true,"quarto-version":"1.1.189","theme":"cosmo","title":"Introduction"},"extensions":{"book":{"multiFile":true}}}}}